"1","ARLINGTON","WA","98223"
"2","ROGERSVILLE","MO","65742"
"3","GRAND PRAIRIE","TX","75051"
"4","LANSING","MI","48917"
"5","VAN NUYS","CA","91405"
"6","HELENA","MT","59602"
"7","VALLEJO","CA","94590"
"8","SAN DIEGO","CA","92154"
"9","SAN DIEGO","CA","92154"
"10","SAN DIEGO","CA","92154"
"11","KINCHELOE","MI","49788"
"12","INDIANAPOLIS","IN","46254"
"13","AUSTELL","GA","30168"
"14","MIAMI","FL","33167"
"15","BRIDGETON","MO","63044"
"16","CHICAGO HEIGHTS","IL","60411"
"17","MINOT","ND","58701"
"18","MINOT","ND","58701"
"19","LOUISVILLE","KY","40219"
"20","BAKERSFIELD","CA","93307"
"21","KAPOLEI","HI","96707"
"22","MARTINEZ","CA","94553"
"23","COLUMBIA","MO","65201"
"24","PORTLAND","OR","97218"
"25","NEW ORLEANS","LA","70129"
"26","WICHITA","KS","67216"
"27","HAM LAKE","MN","55304"
"28","HURRICANE","WV","25526"
"29","VALLEJO","CA","94590"
"30","RENO","NV","89506"
"31","HOUSTON","TX","77073"
"32","HOUSTON","TX","77073"
"33","ANTHONY","TX","79821"
"34","FRESNO","CA","93725"
"35","MARLBORO","NY","12542"
"36","KANSAS CITY","KS","66111"
"37","VALLEJO","CA","94590"
"38","VAN NUYS","CA","91405"
"39","COLTON","CA","92324"
"40","VAN NUYS","CA","91405"
"41","VAN NUYS","CA","91405"
"42","MONTGOMERY","AL","36116"
"43","HOUSTON","TX","77073"
"44","HOUSTON","TX","77073"
"45","HASLET","TX","76052"
"46","NORTH BILLERICA","MA","1862"
"47","MONTGOMERY","AL","36116"
"48","VAN NUYS","CA","91405"
"49","HOUSTON","TX","77073"
"50","HOUSTON","TX","77073"
"51","HOUSTON","TX","77073"
"52","HASLET","TX","76052"
"53","HOUSTON","TX","77073"
"54","MONTGOMERY","AL","36116"
"55","HOUSTON","TX","77073"
"56","ORLANDO","FL","32822"
"57","HILLSBOROUGH","NJ","8844"
"58","HASLET","TX","76052"
"59","WEST PALM BEACH","FL","33411"
"60","HOUSTON","TX","77073"
"61","DUNN","NC","28334"
"62","LANSING","MI","48917"
"63","LYMAN","ME","4002"
"64","HOUSTON","TX","77073"
"65","HOUSTON","TX","77073"
"66","HOUSTON","TX","77073"
"67","HILLSBOROUGH","NJ","8844"
"68","HOUSTON","TX","77073"
"69","MARLBORO","NY","12542"
"70","HASLET","TX","76052"
"71","SAN DIEGO","CA","92154"
"72","HOUSTON","TX","77073"
"73","MARLBORO","NY","12542"
"74","MARLBORO","NY","12542"
"75","MEMPHIS","TN","38118"
"76","MARLBORO","NY","12542"
"77","MARLBORO","NY","12542"
"78","RANCHO CUCAMONGA","CA","91739"
"79","HOUSTON","TX","77073"
"80","TUCSON","AZ","85706"
"81","HOUSTON","TX","77073"
"82","HOUSTON","TX","77073"
"83","HOUSTON","TX","77073"
"84","NEW BRITAIN","CT","6051"
"85","HILLSBOROUGH","NJ","8844"
"86","CUDAHY","WI","53110"
"87","PUNTA GORDA","FL","33982"
"88","MIDWAY","FL","32343"
"89","BAKERSFIELD","CA","93307"
"90","ALBUQUERQUE","NM","87105"
"91","ELGIN","IL","60120"
"92","GRANTVILLE","PA","17028"
"93","HILLSBOROUGH","NJ","8844"
"94","NORTH BILLERICA","MA","1862"
"95","LAS VEGAS","NV","89115"
"96","MIAMI","FL","33054"
"97","RIVERVIEW","FL","33578"
"98","NORTH SALT LAKE","UT","84054"
"99","EL PASO","TX","79821"
"100","GRANTVILLE","PA","17028"
"101","NORTH BILLERICA","MA","1862"
"102","NORTH SALT LAKE","UT","84054"
"103","GRANTVILLE","PA","17028"
"104","NORTH BILLERICA","MA","1862"
"105","HILLSBOROUGH","NJ","8844"
"106","NORTH BILLERICA","MA","1862"
"107","MARLBORO","NY","12542"
"108","NAMPA","ID","83651"
"109","WEST PALM BEACH","FL","33411"
"110","NORTH BILLERICA","MA","1862"
"111","SAN ANTONIO","TX","78224"
"112","NORTH BILLERICA","MA","1862"
"113","WEST PALM BEACH","FL","33411"
"114","COLUMBUS","OH","43207"
"115","WEST PALM BEACH","FL","33411"
"116","WEST PALM BEACH","FL","33411"
"117","WEST PALM BEACH","FL","33411"
"118","WEST PALM BEACH","FL","33411"
"119","WEST PALM BEACH","FL","33411"
"120","WEST PALM BEACH","FL","33411"
"121","HASLET","TX","76052"
"122","HILLSBOROUGH","NJ","8844"
"123","MIAMI","FL","33054"
"124","TULSA","OK","74107"
"125","FLORENCE","MS","39073"
"126","NORTH BILLERICA","MA","1862"
"127","HILLSBOROUGH","NJ","8844"
"128","SAN DIEGO","CA","92154"
"129","HILLSBOROUGH","NJ","8844"
"130","HOUSTON","TX","77073"
"131","HILLSBOROUGH","NJ","8844"
"132","CHARLES CITY","VA","23030"
"133","HILLSBOROUGH","NJ","8844"
"134","MONTGOMERY","AL","36116"
"135","VAN NUYS","CA","91405"
"136","LYMAN","ME","4002"
"137","SHREVEPORT","LA","71109"
"138","VAN NUYS","CA","91405"
"139","VAN NUYS","CA","91405"
"140","PENNSBURG","PA","18073"
"141","VAN NUYS","CA","91405"
"142","LYMAN","ME","4002"
"143","AIRWAY HEIGHTS","WA","99001"
"144","HASLET","TX","76052"
"145","HOUSTON","TX","77073"
"146","LOUISVILLE","KY","40219"
"147","BAKERSFIELD","CA","93307"
"148","DES MOINES","IA","50317"
"149","WALTON","KY","41094"
"150","WEST PALM BEACH","FL","33411"
"151","HASLET","TX","76052"
"152","VAN NUYS","CA","91405"
"153","MONTGOMERY","AL","36116"
"154","VAN NUYS","CA","91405"
"155","NEW BRAUNFELS","TX","78130"
"156","HASLET","TX","76052"
"157","ABILENE","TX","79601"
"158","HASLET","TX","76052"
"159","HOUSTON","TX","77073"
"160","HASLET","TX","76052"
"161","HOUSTON","TX","77073"
"162","VAN NUYS","CA","91405"
"163","LOUISVILLE","KY","40219"
"164","WEST PALM BEACH","FL","33411"
"165","SANDSTON","VA","23150"
"166","TIFTON","GA","31794"
"167","CHATHAM","VA","24531"
"168","SANDSTON","VA","23150"
"169","CHARLES CITY","VA","23030"
"170","SANDSTON","VA","23150"
"171","PUNTA GORDA","FL","33982"
"172","GRANTVILLE","PA","17028"
"173","VAN NUYS","CA","91405"
"174","WEST PALM BEACH","FL","33411"
"175","VAN NUYS","CA","91405"
"176","VALLEJO","CA","94590"
"177","VAN NUYS","CA","91405"
"178","MONTGOMERY","AL","36116"
"179","GASTON","SC","29053"
"180","VAN NUYS","CA","91405"
"181","VAN NUYS","CA","91405"
"182","HOUSTON","TX","77073"
"183","HOUSTON","TX","77073"
"184","ELLWOOD CITY","PA","16117"
"185","CHARLES CITY","VA","23030"
"186","CHARLES CITY","VA","23030"
"187","HOUSTON","TX","77073"
"188","HASLET","TX","76052"
"189","NORTH BILLERICA","MA","1862"
"190","HOUSTON","TX","77073"
"191","VALLEJO","CA","94590"
"192","VAN NUYS","CA","91405"
"193","LOUISVILLE","KY","40219"
"194","HILLSBOROUGH","NJ","8844"
"195","WEST PALM BEACH","FL","33411"
"196","VALLEJO","CA","94590"
"197","VAN NUYS","CA","91405"
"198","VALLEJO","CA","94590"
"199","SACRAMENTO","CA","95828"
"200","VAN NUYS","CA","91405"
"201","EUGENE","OR","97402"
"202","BAKERSFIELD","CA","93307"
"203","VAN NUYS","CA","91405"
"204","VAN NUYS","CA","91405"
"205","VAN NUYS","CA","91405"
"206","VAN NUYS","CA","91405"
"207","MONTGOMERY","AL","36116"
"208","HILLSBOROUGH","NJ","8844"
"209","VAN NUYS","CA","91405"
"210","MARLBORO","NY","12542"
"211","SANDSTON","VA","23150"
"212","LOUISVILLE","KY","40219"
"213","HILLSBOROUGH","NJ","8844"
"214","MADISONVILLE","TN","37354"
"215","MONTGOMERY","AL","36116"
"216","VAN NUYS","CA","91405"
"217","BAKERSFIELD","CA","93307"
"218","LOUISVILLE","KY","40219"
"219","LOUISVILLE","KY","40219"
"220","HOUSTON","TX","77073"
"221","HASLET","TX","76052"
"222","HOUSTON","TX","77073"
"223","HOUSTON","TX","77073"
"224","GRANTVILLE","PA","17028"
"225","HOUSTON","TX","77073"
"226","HOUSTON","TX","77073"
"227","LYMAN","ME","4002"
"228","VAN NUYS","CA","91405"
"229","HASLET","TX","76052"
"230","VAN NUYS","CA","91405"
"231","HOUSTON","TX","77073"
"232","MARLBORO","NY","12542"
"233","HOUSTON","TX","77073"
"234","HASLET","TX","76052"
"235","VAN NUYS","CA","91405"
"236","SANDSTON","VA","23150"
"237","CHARLES CITY","VA","23030"
"238","WEST PALM BEACH","FL","33411"
"239","MARLBORO","NY","12542"
"240","VAN NUYS","CA","91405"
"241","VAN NUYS","CA","91405"
"242","HASLET","TX","76052"
"243","VAN NUYS","CA","91405"
"244","HASLET","TX","76052"
"245","CHARLES CITY","VA","23030"
"246","NORTH BILLERICA","MA","1862"
"247","VAN NUYS","CA","91405"
"248","MARLBORO","NY","12542"
"249","HOUSTON","TX","77073"
"250","WEST PALM BEACH","FL","33411"
"251","VAN NUYS","CA","91405"
"252","HOUSTON","TX","77073"
"253","VAN NUYS","CA","91405"
"254","WEST PALM BEACH","FL","33411"
"255","HILLSBOROUGH","NJ","8844"
"256","WEST PALM BEACH","FL","33411"
"257","NEW BRAUNFELS","TX","78131"
"258","HILLSBOROUGH","NJ","8844"
"259","BAKERSFIELD","CA","93307"
"260","WEST PALM BEACH","FL","33411"
"261","WEST PALM BEACH","FL","33411"
"262","HOUSTON","TX","77073"
"263","HOUSTON","TX","77073"
"264","HASLET","TX","76052"
"265","ALBUQUERQUE","NM","87105"
"266","HILLSBOROUGH","NJ","8844"
"267","NEW BRITAIN","CT","6051"
"268","HASLET","TX","76052"
"269","WALDORF","MD","20602"
"270","HASLET","TX","76052"
"271","HASLET","TX","76052"
"272","HOUSTON","TX","77073"
"273","HOUSTON","TX","77073"
"274","VAN NUYS","CA","91405"
"275","BAKERSFIELD","CA","93307"
"276","MARLBORO","NY","12542"
"277","HASLET","TX","76052"
"278","PUNTA GORDA","FL","33982"
"279","CHARLES CITY","VA","23030"
"280","BRIGHTON","CO","80603"
"281","MARLBORO","NY","12542"
"282","MARLBORO","NY","12542"
"283","WEST PALM BEACH","FL","33411"
"284","BAKERSFIELD","CA","93307"
"285","GLASSBORO","NJ","8028"
"286","GRANTVILLE","PA","17028"
"287","VAN NUYS","CA","91405"
"288","CHARLES CITY","VA","23030"
"289","SANDSTON","VA","23150"
"290","HOUSTON","TX","77073"
"291","HOUSTON","TX","77073"
"292","WEST PALM BEACH","FL","33411"
"293","HASLET","TX","76052"
"294","HASLET","TX","76052"
"295","HILLSBOROUGH","NJ","8844"
"296","HOUSTON","TX","77073"
"297","MARLBORO","NY","12542"
"298","FRUITLAND","MD","21826"
"299","NORTH BILLERICA","MA","1862"
"300","BRIGHTON","CO","80603"
"301","HOUSTON","TX","77073"
"302","HASLET","TX","76052"
"303","BRIDGETON","MO","63044"
"304","WEST PALM BEACH","FL","33411"
"305","COLTON","CA","92324"
"306","LOS ANGELES","CA","90001"
"307","LEROY","NY","14482"
"308","SIKESTON","MO","63801"
"309","EIGHT MILE","AL","36613"
"310","MENDON","MA","1756"
"311","CHINA GROVE","NC","28023"
"312","LOGANVILLE","GA","30052"
"313","LOGANVILLE","GA","30052"
"314","LEXINGTON","KY","40509"
"315","ARLINGTON","WA","98223"
"316","LOGANVILLE","GA","30052"
"317","CONWAY","AR","72032"
"318","PHOENIX","AZ","85043"
"319","JACKSONVILLE","FL","32220"
"320","LEROY","NY","14482"
"321","KAPOLEI","HI","96707"
"322","KAPOLEI","HI","96707"
"323","COLUMBIA STATION","OH","44028"
"324","SACRAMENTO","CA","95828"
"325","COLUMBIA STATION","OH","44028"
"326","COLUMBIA STATION","OH","44028"
"327","LEROY","NY","14482"
"328","GREER","SC","29651"
"329","PEKIN","IL","61554"
"330","LEROY","NY","14482"
"331","LUFKIN","TX","75904"
"332","LOGANVILLE","GA","30052"
"333","LEBANON","TN","37090"
"334","SIKESTON","MO","63801"
"335","ALBANY","NY","12205"
"336","LEROY","NY","14482"
"337","COLUMBIA STATION","OH","44028"
"338","YORK HAVEN","PA","17370"